Annee;Valeurs
2016;9669388.22004933
2017;10005811.06464368
2018;10677999.90374397
2019;9777468.66798392
2020;11150963.35469758